USE COMP3278_G12;

INSERT INTO  Customer (customer_id,lastname,firstname,gender,birthday,email,phone,certification_type,id_number,password) VALUES
 ('001','Ma','Jack','male','2020-11-01','@gmail.com','12345678','student card','0000011111','iamjack'),
 ('002','Richeal','Rose','female','2020-11-17','@gmail.com','12345678','student card','1111100000','iamjacks'),
 ('003','Yan','Zipeng','male','2000-10-17','@gmail.com','12345678','student card','0000011111','password1'),
 ('004','Zhu','Jiarui','female','2020-11-01','@gmail.com','12345678','student card','0000011111','password2'),
 ('005','Huang','Haoyu','male','2020-11-01','@gmail.com','12345678','student card','0000011111','password3'),
 ('006','Ye','Mao','male','2020-11-01','@gmail.com','12345678','student card','0000011111','password4'),
 ('007','Bai','Qingyu','female','2020-11-01','@gmail.com','12345678','student card','0000011111','password5');

 INSERT INTO CustomerHistory (from_customer_id, login_date, login_time) VALUES
 ('001','2021-10-30', '23:59:59'),
 ('002','2021-10-31', '12:40:59'),
 ('003','2021-10-29', '23:59:59'),
 ('004','2021-10-15', '00:59:30'),
 ('005','2021-10-11', '23:40:59'),
 ('006','2021-11-01', '13:59:59'),
 ('007','2021-11-05', '23:59:30');

 INSERT INTO Account (account_id, customer_id, create_time, currency_type) VALUES
 ('001','001','1900-10-10','Pound'),
 ('002','001','1910-10-10','Pound'),
 ('003','002','1910-10-10','Pound'),
 ('004','002','1911-10-10','Pound'),
 ('005','002','1912-10-10','HKD'),
 ('006','004','2000-10-10','HKD'),
 ('007','005','2000-10-10','HKD'),
 ('008','006','2000-10-10','HKD'),
 ('009','007','2000-10-10','HKD'),
 ('010','001','1915-10-10','Pound'),
 ('011','002','1920-11-11','Pound');

 INSERT INTO Investment_account (account_id, customer_id, currency_type, create_time, total_value) VALUES
 ('002','001','Pound','1910-10-10',1000000),
 ('003','002','Pound','1910-10-10',202020),
 ('008','006','HKD','2000-10-10',1000000);

 INSERT INTO Saving_account (account_id, customer_id, currency_type, create_time, balance) VALUES
 ('001','001','Pound','1900-10-10',15000),
 ('004','002','Pound','1911-10-10',14000),
 ('005','002','HKD','2010-10-10', 630000),
 ('006','004','HKD','2000-10-10',10000),
 ('007','005','HKD','2000-10-10',20000),
 ('008','006','HKD','2000-10-10',12000),
 ('009','007','HKD','2000-10-10',1000);

 INSERT INTO Credit_account (account_id, customer_id, currency_type, create_time, total_debt) VALUES
 ('010','001','Pound','1915-10-10',10000),
 ('011','002','Pound','1920-11-11',10000);

INSERT INTO Transaction (transaction_id, in_account_id, out_account_id, in_customer_id, out_customer_id, amount, currency_type, timepoint_date, timepoint_time) VALUES
('001','001','004','001','002',520,'Pound','1952-05-20','00:00:01'),
('002','004','001','002','001',520,'Pound','1952-05-20','00:30:01'),
('003','001','004','001','002',1000,'Pound','1960-05-20','00:10:01'),
('004','004','001','002','001',520,'Pound','1960-05-20','00:30:01'),
('005','004','001','002','001',520,'Pound','1970-05-20','01:30:01'),
('006','001','004','001','002',520,'Pound','1970-05-20','10:10:01'),
('007','008','006','006','004',2300,'HKD','2020-12-03','05:09:15'),
('008','008','004','006','002',18000,'Pound','2021-01-13','08:54:11'),
('009','006','001','004','001',200,'Pound','2021-02-22','21:16:56'),
('010','006','001','004','001',1280,'Pound','2021-03-03','22:16:36'),
('011','008','005','006','002',1800,'HKD','2021-03-16','01:39:48'),
('012','005','006','002','004',5400,'HKD','2021-04-12','12:34:45'),
('013','004','001','002','001',2250,'Pound','2021-04-14','10:53:34'),
('014','004','001','002','001',2600,'Pound','2021-06-17','19:06:10'),
('015','001','005','001','002',19900,'HKD','2021-06-20','12:34:29'),
('016','001','006','001','004',14900,'HKD','2021-07-06','20:51:21'),
('017','006','005','004','002',3300,'HKD','2021-08-22','18:15:56'),
('018','007','001','005','001',1690,'Pound','2021-09-08','00:35:33'),
('019','001','007','001','005',190,'HKD','2021-09-13','17:42:22'),
('020','007','001','005','001',220,'Pound','2021-11-13','19:53:23');

INSERT INTO Product (product_id, type, price, holdings, issuer) VALUES
('001','A1',100,'NULL','NULL'),
('002','B2',200,'NULL','NULL'),
('003','C3',10,'NULL','NULL'),
('004','D4',10,'NULL','NULL');

INSERT INTO Loan (loan_id, interest_rate) VALUES
('001',5000),
('002',4955);

INSERT INTO Product_contain (product_id, account_id, holdings, product_values) VALUES
('001','002','NULL',100000),
('002','002','NULL',100000),
('004','002','NULL',100000),
('003','003','NULL',100000);

INSERT INTO Loan_contain (loan_id, account_id, borrow_time, next_due_time, unpaid_amount) VALUES
('001','010','2020-09-01','2022-09-01',1000000),
('002','011','2020-09-01','2022-09-01',1000000);

INSERT INTO Login_history(timepoint, customer_id) VALUES
('1952-05-20 00:00:00','002'),
('1952-05-20 00:20:00','001'),
('1952-05-20 00:30:00','001'),
('1960-05-20 00:10:00','002'),
('1960-05-20 00:30:00','001'),
('1970-05-20 01:00:00','001'),
('1970-05-20 10:00:00','002'),
('1995-03-05 07:01:52','001'),
('1996-07-07 14:30:50','002'),
('1999-09-16 19:00:18','003'),
('2003-02-26 10:18:41','003'),
('2005-06-28 00:24:36','001'),
('2005-09-18 04:17:28','002'),
('2006-08-27 20:15:59','003'),
('2008-08-11 20:33:22','002'),
('2014-04-28 10:26:04','003'),
('2016-05-17 23:18:57','005'),
('2016-12-21 08:57:27','004'),
('2019-03-16 23:11:13','005'),
('2019-04-25 08:47:36','001'),
('2019-08-09 03:07:53','002'),
('2019-08-18 11:21:34','001'),
('2019-08-25 18:50:21','001'),
('2019-08-08 11:14:23','005'),
('2019-10-02 21:07:31','006'),
('2020-03-27 05:52:21','004'),
('2020-04-08 19:23:08','002'),
('2020-11-02 02:31:03','002'),
('2020-08-25 08:27:00','003'),
('2020-10-22 04:58:00','003'),
('2020-12-14 06:14:42','001'),
('2021-02-14 03:01:18','004'),
('2021-02-27 11:10:34','004'),
('2021-09-05 11:28:59','007'),
('2021-11-09 11:01:49','004'),
('2021-08-20 11:31:31','005'),
('2021-06-13 10:39:50','005'),
('2013-10-23 21:57:32','006'),
('2020-02-17 00:45:39','006'),
('2020-05-03 00:18:14','006'),
('2021-09-21 14:01:58','007'),
('2016-08-28 04:45:33','007'),
('2021-06-19 05:03:24','007'),
('2019-01-01 07:06:04','007'),
('2019-06-28 11:31:13','007'),
('2020-02-15 12:28:08','007'),
('2020-07-17 05:24:31','007');

